https://hdl.handle.net/10192/27252, 0 
https://hdl.handle.net/10192/27271, 0 
https://hdl.handle.net/10192/25492, 0 
https://hdl.handle.net/10192/27291, 0 
https://hdl.handle.net/10192/26832, 0 
https://hdl.handle.net/10192/27290, 0 
https://hdl.handle.net/10192/27272, 0 
https://hdl.handle.net/10192/28816, 0 
https://hdl.handle.net/10192/28992, 0 
https://hdl.handle.net/10192/29110, 0 
https://hdl.handle.net/10192/28814, 0 
https://hdl.handle.net/10192/28815, 0 
https://hdl.handle.net/10192/30693, 0 
https://hdl.handle.net/10192/30711, 0 
https://hdl.handle.net/10192/31410, 0 
https://hdl.handle.net/10192/31490, 0 
https://hdl.handle.net/10192/31411, 0 
https://hdl.handle.net/10192/31552, 0 
https://hdl.handle.net/10192/31590, 0 
https://hdl.handle.net/10192/31553, 0 
https://hdl.handle.net/10192/31549, 0 
https://hdl.handle.net/10192/31610, 0 
https://hdl.handle.net/10192/31591, 0 
https://hdl.handle.net/10192/31592, 0 
https://hdl.handle.net/10192/31630, 0 
https://hdl.handle.net/10192/32770, 0 
https://hdl.handle.net/10192/31611, 0 
https://hdl.handle.net/10192/33171, 0 
https://hdl.handle.net/10192/34631, 0 
https://hdl.handle.net/10192/34673, 0 
https://hdl.handle.net/10192/34675, 0 
https://hdl.handle.net/10192/34676, 0 
https://hdl.handle.net/10192/34674, 0 
https://hdl.handle.net/10192/34810, 0 
https://hdl.handle.net/10192/34811, 0 
https://hdl.handle.net/10192/34677, 0 
https://hdl.handle.net/10192/34812, 0 
https://hdl.handle.net/10192/34832, 0 
https://hdl.handle.net/10192/34852, 0 
https://hdl.handle.net/10192/34932, 0 
https://hdl.handle.net/10192/34952, 0 
https://hdl.handle.net/10192/34954, 0 
https://hdl.handle.net/10192/34972, 0 
https://hdl.handle.net/10192/34973, 0 
https://hdl.handle.net/10192/34974, 0 
https://hdl.handle.net/10192/34976, 0 
https://hdl.handle.net/10192/34975, 0 
https://hdl.handle.net/10192/34977, 0 
https://hdl.handle.net/10192/34992, 0 
https://hdl.handle.net/10192/34993, 0 
https://hdl.handle.net/10192/34994, 0 
https://hdl.handle.net/10192/35012, 0 
https://hdl.handle.net/10192/35013, 0 
https://hdl.handle.net/10192/35034, 0 
https://hdl.handle.net/10192/35032, 0 
https://hdl.handle.net/10192/35055, 0 
https://hdl.handle.net/10192/35056, 0 
https://hdl.handle.net/10192/35058, 0 
https://hdl.handle.net/10192/31354, 0 
https://hdl.handle.net/10192/35035, 0 
https://hdl.handle.net/10192/35057, 0 
https://hdl.handle.net/10192/35073, 0 
https://hdl.handle.net/10192/35135, 0 
https://hdl.handle.net/10192/35074, 0 
https://hdl.handle.net/10192/35132, 0 
https://hdl.handle.net/10192/35075, 0 
https://hdl.handle.net/10192/35137, 0 
https://hdl.handle.net/10192/35140, 0 
https://hdl.handle.net/10192/35138, 0 
https://hdl.handle.net/10192/35139, 0 
https://hdl.handle.net/10192/35141, 0 
https://hdl.handle.net/10192/35142, 0 
https://hdl.handle.net/10192/35143, 0 
https://hdl.handle.net/10192/35144, 0 
https://hdl.handle.net/10192/35152, 0 
https://hdl.handle.net/10192/35212, 0 
https://hdl.handle.net/10192/35153, 0 
https://hdl.handle.net/10192/35213, 0 
https://hdl.handle.net/10192/35172, 0 
https://hdl.handle.net/10192/35252, 0 
https://hdl.handle.net/10192/35253, 0 
https://hdl.handle.net/10192/35255, 0 
https://hdl.handle.net/10192/35254, 0 
https://hdl.handle.net/10192/35352, 0 
https://hdl.handle.net/10192/35353, 0 
https://hdl.handle.net/10192/35354, 0 
https://hdl.handle.net/10192/35355, 0 
https://hdl.handle.net/10192/31512, 0 
https://hdl.handle.net/10192/35356, 0 
https://hdl.handle.net/10192/35374, 0 
https://hdl.handle.net/10192/35373, 0 
https://hdl.handle.net/10192/35375, 0 
https://hdl.handle.net/10192/35412, 0 
https://hdl.handle.net/10192/35413, 0 
https://hdl.handle.net/10192/35432, 0 
https://hdl.handle.net/10192/35434, 0 
https://hdl.handle.net/10192/35433, 0 
https://hdl.handle.net/10192/35436, 0 
https://hdl.handle.net/10192/35437, 0 
https://hdl.handle.net/10192/35439, 0 
https://hdl.handle.net/10192/35453, 0 
https://hdl.handle.net/10192/35452, 0 
https://hdl.handle.net/10192/35438, 0 
https://hdl.handle.net/10192/35454, 0 
https://hdl.handle.net/10192/35473, 0 
https://hdl.handle.net/10192/35472, 0 
https://hdl.handle.net/10192/35474, 0 
https://hdl.handle.net/10192/35475, 0 
https://hdl.handle.net/10192/35552, 0 
https://hdl.handle.net/10192/35476, 0 
https://hdl.handle.net/10192/23252,  21  
https://hdl.handle.net/10192/24991, 0 
https://hdl.handle.net/10192/26836, 0 
https://hdl.handle.net/10192/24930, 0 
https://hdl.handle.net/10192/25051, 0 
https://hdl.handle.net/10192/24790, 0 
https://hdl.handle.net/10192/25050, 0 
https://hdl.handle.net/10192/25330, 0 
https://hdl.handle.net/10192/25212, 0 
https://hdl.handle.net/10192/25199, 0 
https://hdl.handle.net/10192/25154, 0 
https://hdl.handle.net/10192/25197, 0 
https://hdl.handle.net/10192/25010, 0 
https://hdl.handle.net/10192/25290, 0 
https://hdl.handle.net/10192/26974, 0 
https://hdl.handle.net/10192/26975, 0 
https://hdl.handle.net/10192/27001, 0 
https://hdl.handle.net/10192/26990, 0 
https://hdl.handle.net/10192/27056, 0 
https://hdl.handle.net/10192/27710, 0 
https://hdl.handle.net/10192/79, 0 
https://hdl.handle.net/10192/76, 0 
https://hdl.handle.net/10192/80, 0 
https://hdl.handle.net/10192/26971, 0 
https://hdl.handle.net/10192/71, 0 
https://hdl.handle.net/10192/61, 0 
https://hdl.handle.net/10192/25191, 0 
https://hdl.handle.net/10192/25136, 0 
https://hdl.handle.net/10192/25214, 0 
https://hdl.handle.net/10192/24870, 0 
https://hdl.handle.net/10192/25110, 0 
https://hdl.handle.net/10192/25170, 0 
https://hdl.handle.net/10192/25112, 0 
https://hdl.handle.net/10192/25114, 0 
https://hdl.handle.net/10192/24850, 0 
https://hdl.handle.net/10192/25173, 0 
https://hdl.handle.net/10192/25162, 0 
https://hdl.handle.net/10192/25171, 0 
https://hdl.handle.net/10192/25163, 0 
https://hdl.handle.net/10192/25059, 0 
https://hdl.handle.net/10192/25172, 0 
https://hdl.handle.net/10192/25193, 0 
https://hdl.handle.net/10192/25192, 0 
https://hdl.handle.net/10192/25194, 0 
https://hdl.handle.net/10192/24890, 0 
https://hdl.handle.net/10192/25070, 0 
https://hdl.handle.net/10192/25111, 0 
https://hdl.handle.net/10192/25153, 0 
https://hdl.handle.net/10192/25236, 0 
https://hdl.handle.net/10192/25120, 0 
https://hdl.handle.net/10192/25272, 0 
https://hdl.handle.net/10192/25196, 0 
https://hdl.handle.net/10192/25098, 0 
https://hdl.handle.net/10192/25350, 0 
https://hdl.handle.net/10192/25271, 0 
https://hdl.handle.net/10192/25101, 0 
https://hdl.handle.net/10192/35372, 0 
https://hdl.handle.net/10192/26833, 0 
https://hdl.handle.net/10192/25138, 0 
https://hdl.handle.net/10192/25058, 0 
https://hdl.handle.net/10192/24590, 0 
https://hdl.handle.net/10192/25150, 0 
https://hdl.handle.net/10192/25071, 0 
https://hdl.handle.net/10192/25270, 0 
https://hdl.handle.net/10192/25151, 0 
https://hdl.handle.net/10192/26890, 0 
https://hdl.handle.net/10192/25235, 0 
https://hdl.handle.net/10192/25161, 0 
https://hdl.handle.net/10192/25113, 0 
https://hdl.handle.net/10192/25211, 0 
https://hdl.handle.net/10192/25195, 0 
https://hdl.handle.net/10192/25115, 0 
https://hdl.handle.net/10192/25232, 0 
https://hdl.handle.net/10192/25238, 0 
https://hdl.handle.net/10192/25116, 0 
https://hdl.handle.net/10192/25231, 0 
https://hdl.handle.net/10192/25233, 0 
https://hdl.handle.net/10192/25119, 0 
https://hdl.handle.net/10192/25031, 0 
https://hdl.handle.net/10192/25210, 0 
https://hdl.handle.net/10192/25234, 0 
https://hdl.handle.net/10192/25134, 0 
https://hdl.handle.net/10192/26991, 0 
https://hdl.handle.net/10192/26972, 0 
https://hdl.handle.net/10192/31353, 0 
https://hdl.handle.net/10192/26973, 0 
https://hdl.handle.net/10192/25117, 0 
https://hdl.handle.net/10192/35033, 0 
https://hdl.handle.net/10192/26995, 0 
https://hdl.handle.net/10192/27110, 0 
https://hdl.handle.net/10192/27054, 0 
https://hdl.handle.net/10192/26997, 0 
https://hdl.handle.net/10192/26999, 0 
https://hdl.handle.net/10192/27053, 0 
https://hdl.handle.net/10192/27057, 0 
https://hdl.handle.net/10192/26976, 0 
https://hdl.handle.net/10192/26994, 0 
https://hdl.handle.net/10192/27051, 0 
https://hdl.handle.net/10192/27058, 0 
https://hdl.handle.net/10192/27310, 0 
https://hdl.handle.net/10192/27055, 0 
https://hdl.handle.net/10192/26993, 0 
https://hdl.handle.net/10192/25237, 0 
https://hdl.handle.net/10192/25118, 0 
https://hdl.handle.net/10192/27570, 0 
https://hdl.handle.net/10192/24990, 0 
https://hdl.handle.net/10192/25310, 0 
https://hdl.handle.net/10192/25190, 0 
https://hdl.handle.net/10192/25030, 0 
https://hdl.handle.net/10192/26992, 0 
https://hdl.handle.net/10192/27000, 0 
https://hdl.handle.net/10192/27050, 0 
https://hdl.handle.net/10192/27590, 0 
https://hdl.handle.net/10192/25250, 0 
https://hdl.handle.net/10192/25057, 0 
https://hdl.handle.net/10192/25251, 0 
https://hdl.handle.net/10192/25155, 0 
https://hdl.handle.net/10192/25152, 0 
https://hdl.handle.net/10192/24830, 0 
https://hdl.handle.net/10192/25156, 0 
https://hdl.handle.net/10192/25230, 0 
https://hdl.handle.net/10192/26834, 0 
https://hdl.handle.net/10192/26970, 0 
https://hdl.handle.net/10192/27010, 0 
https://hdl.handle.net/10192/26998, 0 
https://hdl.handle.net/10192/27071, 0 
https://hdl.handle.net/10192/23231, 0 
https://hdl.handle.net/10192/27270, 0 
https://hdl.handle.net/10192/28746, 0 
https://hdl.handle.net/10192/28760, 0 
https://hdl.handle.net/10192/28736, 0 
https://hdl.handle.net/10192/28745, 0 
https://hdl.handle.net/10192/28738, 0 
https://hdl.handle.net/10192/28740, 0 
https://hdl.handle.net/10192/28741, 0 
https://hdl.handle.net/10192/28739, 0 
https://hdl.handle.net/10192/28730, 0 
https://hdl.handle.net/10192/28733, 0 
https://hdl.handle.net/10192/28737, 0 
https://hdl.handle.net/10192/28735, 0 
https://hdl.handle.net/10192/28734, 0 
https://hdl.handle.net/10192/28747, 0 
https://hdl.handle.net/10192/28744, 0 
https://hdl.handle.net/10192/28743, 0 
https://hdl.handle.net/10192/28732, 0 
https://hdl.handle.net/10192/28742, 0 
https://hdl.handle.net/10192/28731, 0 
https://hdl.handle.net/10192/28751, 0 
https://hdl.handle.net/10192/28749, 0 
https://hdl.handle.net/10192/28752, 0 
https://hdl.handle.net/10192/28753, 0 
https://hdl.handle.net/10192/28755, 0 
https://hdl.handle.net/10192/28757, 0 
https://hdl.handle.net/10192/28758, 0 
https://hdl.handle.net/10192/28754, 0 
https://hdl.handle.net/10192/28797, 0 
https://hdl.handle.net/10192/28750, 0 
https://hdl.handle.net/10192/28759, 0 
https://hdl.handle.net/10192/28798, 0 
https://hdl.handle.net/10192/28796, 0 
https://hdl.handle.net/10192/28806, 0 
https://hdl.handle.net/10192/28794, 0 
https://hdl.handle.net/10192/28807, 0 
https://hdl.handle.net/10192/28800, 0 
https://hdl.handle.net/10192/28809, 0 
https://hdl.handle.net/10192/28802, 0 
https://hdl.handle.net/10192/28803, 0 
https://hdl.handle.net/10192/28801, 0 
https://hdl.handle.net/10192/27052, 0 
https://hdl.handle.net/10192/28799, 0 
https://hdl.handle.net/10192/28711, 0 
https://hdl.handle.net/10192/28808, 0 
https://hdl.handle.net/10192/28756, 0 
https://hdl.handle.net/10192/28748, 0 
https://hdl.handle.net/10192/28795, 0 
https://hdl.handle.net/10192/28790, 0 
https://hdl.handle.net/10192/28791, 0 
https://hdl.handle.net/10192/30682, 0 
https://hdl.handle.net/10192/28792, 0 
https://hdl.handle.net/10192/30613, 0 
https://hdl.handle.net/10192/30678, 0 
https://hdl.handle.net/10192/28805, 0 
https://hdl.handle.net/10192/30790, 0 
https://hdl.handle.net/10192/30690, 0 
https://hdl.handle.net/10192/32283, 0 
https://hdl.handle.net/10192/32074, 0 
https://hdl.handle.net/10192/31311, 0 
https://hdl.handle.net/10192/31310, 0 
https://hdl.handle.net/10192/32049, 0 
https://hdl.handle.net/10192/31091, 0 
https://hdl.handle.net/10192/31074, 0 
https://hdl.handle.net/10192/31947, 0 
https://hdl.handle.net/10192/31967, 0 
https://hdl.handle.net/10192/31987, 0 
https://hdl.handle.net/10192/32476, 0 
https://hdl.handle.net/10192/32284, 0 
https://hdl.handle.net/10192/30615, 0 
https://hdl.handle.net/10192/32227, 0 
https://hdl.handle.net/10192/30477, 0 
https://hdl.handle.net/10192/30610, 0 
https://hdl.handle.net/10192/30650, 0 
https://hdl.handle.net/10192/30671, 0 
https://hdl.handle.net/10192/30621, 0 
https://hdl.handle.net/10192/30674, 0 
https://hdl.handle.net/10192/30683, 0 
https://hdl.handle.net/10192/31330, 0 
https://hdl.handle.net/10192/32361, 0 
https://hdl.handle.net/10192/32258, 0 
https://hdl.handle.net/10192/32250, 0 
https://hdl.handle.net/10192/28804, 0 
https://hdl.handle.net/10192/32259, 0 
https://hdl.handle.net/10192/32255, 0 
https://hdl.handle.net/10192/32261, 0 
https://hdl.handle.net/10192/32256, 0 
https://hdl.handle.net/10192/27070, 0 
https://hdl.handle.net/10192/32312, 0 
https://hdl.handle.net/10192/32277, 0 
https://hdl.handle.net/10192/32268, 0 
https://hdl.handle.net/10192/32308, 0 
https://hdl.handle.net/10192/32269, 0 
https://hdl.handle.net/10192/32271, 0 
https://hdl.handle.net/10192/32279, 0 
https://hdl.handle.net/10192/32327, 0 
https://hdl.handle.net/10192/32307, 0 
https://hdl.handle.net/10192/32309, 0 
https://hdl.handle.net/10192/32313, 0 
https://hdl.handle.net/10192/32351, 0 
https://hdl.handle.net/10192/26996, 0 
https://hdl.handle.net/10192/32349, 0 
https://hdl.handle.net/10192/32360, 0 
https://hdl.handle.net/10192/32248, 0 
https://hdl.handle.net/10192/32331, 0 
https://hdl.handle.net/10192/32330, 0 
https://hdl.handle.net/10192/32354, 0 
https://hdl.handle.net/10192/32332, 0 
https://hdl.handle.net/10192/32355, 0 
https://hdl.handle.net/10192/32352, 0 
https://hdl.handle.net/10192/32371, 0 
https://hdl.handle.net/10192/32373, 0 
https://hdl.handle.net/10192/32359, 0 
https://hdl.handle.net/10192/32467, 0 
https://hdl.handle.net/10192/32358, 0 
https://hdl.handle.net/10192/32322, 0 
https://hdl.handle.net/10192/32470, 0 
https://hdl.handle.net/10192/32348, 0 
https://hdl.handle.net/10192/32347, 0 
https://hdl.handle.net/10192/32372, 0 
https://hdl.handle.net/10192/32367, 0 
https://hdl.handle.net/10192/32375, 0 
https://hdl.handle.net/10192/32471, 0 
https://hdl.handle.net/10192/32376, 0 
https://hdl.handle.net/10192/32472, 0 
https://hdl.handle.net/10192/32392, 0 
https://hdl.handle.net/10192/32370, 0 
https://hdl.handle.net/10192/32377, 0 
https://hdl.handle.net/10192/32374, 0 
https://hdl.handle.net/10192/32368, 0 
https://hdl.handle.net/10192/32474, 0 
https://hdl.handle.net/10192/32469, 0 
https://hdl.handle.net/10192/32369, 0 
https://hdl.handle.net/10192/32387, 0 
https://hdl.handle.net/10192/32333, 0 
https://hdl.handle.net/10192/32509, 0 
https://hdl.handle.net/10192/30551, 0 
https://hdl.handle.net/10192/30617, 0 
https://hdl.handle.net/10192/30475, 0 
https://hdl.handle.net/10192/30472, 0 
https://hdl.handle.net/10192/32473, 0 
https://hdl.handle.net/10192/30731, 0 
https://hdl.handle.net/10192/32362, 0 
https://hdl.handle.net/10192/31270, 0 
https://hdl.handle.net/10192/32276, 0 
https://hdl.handle.net/10192/32350, 0 
https://hdl.handle.net/10192/32329, 0 
https://hdl.handle.net/10192/32353, 0 
https://hdl.handle.net/10192/32356, 0 
https://hdl.handle.net/10192/32475, 0 
https://hdl.handle.net/10192/32507, 0 
https://hdl.handle.net/10192/32487, 0 
https://hdl.handle.net/10192/32530, 0 
https://hdl.handle.net/10192/30577, 0 
https://hdl.handle.net/10192/32730, 0 
https://hdl.handle.net/10192/30473, 0 
https://hdl.handle.net/10192/30476, 0 
https://hdl.handle.net/10192/30680, 0 
https://hdl.handle.net/10192/30679, 0 
https://hdl.handle.net/10192/30618, 0 
https://hdl.handle.net/10192/30492, 0 
https://hdl.handle.net/10192/30490, 0 
https://hdl.handle.net/10192/30684, 0 
https://hdl.handle.net/10192/30620, 0 
https://hdl.handle.net/10192/30651, 0 
https://hdl.handle.net/10192/30619, 0 
https://hdl.handle.net/10192/30652, 0 
https://hdl.handle.net/10192/30531, 0 
https://hdl.handle.net/10192/30550, 0 
https://hdl.handle.net/10192/30471, 0 
https://hdl.handle.net/10192/30670, 0 
https://hdl.handle.net/10192/30672, 0 
https://hdl.handle.net/10192/30685, 0 
https://hdl.handle.net/10192/30612, 0 
https://hdl.handle.net/10192/30681, 0 
https://hdl.handle.net/10192/30673, 0 
https://hdl.handle.net/10192/30616, 0 
https://hdl.handle.net/10192/30614, 0 
https://hdl.handle.net/10192/30677, 0 
https://hdl.handle.net/10192/30602, 0 
https://hdl.handle.net/10192/31290, 0 
https://hdl.handle.net/10192/30611, 0 
https://hdl.handle.net/10192/32281, 0 
https://hdl.handle.net/10192/32282, 0 
https://hdl.handle.net/10192/32285, 0 
https://hdl.handle.net/10192/30491, 0 
https://hdl.handle.net/10192/32391, 0 
https://hdl.handle.net/10192/30534, 0 
https://hdl.handle.net/10192/30470, 0 
https://hdl.handle.net/10192/30632, 0 
https://hdl.handle.net/10192/30510, 0 
https://hdl.handle.net/10192/30474, 0 
https://hdl.handle.net/10192/30675, 0 
https://hdl.handle.net/10192/30633, 0 
https://hdl.handle.net/10192/30730, 0 
https://hdl.handle.net/10192/30676, 0 
https://hdl.handle.net/10192/33751, 0 
https://hdl.handle.net/10192/33773, 0 
https://hdl.handle.net/10192/33820, 0 
https://hdl.handle.net/10192/33775, 0 
https://hdl.handle.net/10192/33791, 0 
https://hdl.handle.net/10192/33991, 0 
https://hdl.handle.net/10192/33909, 0 
https://hdl.handle.net/10192/33670, 0 
https://hdl.handle.net/10192/33671, 0 
https://hdl.handle.net/10192/33819, 0 
https://hdl.handle.net/10192/33790, 0 
https://hdl.handle.net/10192/33713, 0 
https://hdl.handle.net/10192/33831, 0 
https://hdl.handle.net/10192/34650, 0 
https://hdl.handle.net/10192/34892, 0 
https://hdl.handle.net/10192/33690, 0 
https://hdl.handle.net/10192/33711, 0 
https://hdl.handle.net/10192/33652, 0 
https://hdl.handle.net/10192/33879, 0 
https://hdl.handle.net/10192/33814, 0 
https://hdl.handle.net/10192/30533, 0 
https://hdl.handle.net/10192/33750, 0 
https://hdl.handle.net/10192/33815, 0 
https://hdl.handle.net/10192/35694, 0 
https://hdl.handle.net/10192/35592, 0 
https://hdl.handle.net/10192/35692, 0 
https://hdl.handle.net/10192/33753, 0 
https://hdl.handle.net/10192/32357, 0 
https://hdl.handle.net/10192/35695, 0 
https://hdl.handle.net/10192/33771, 0 
https://hdl.handle.net/10192/33934, 0 
https://hdl.handle.net/10192/33792, 0 
https://hdl.handle.net/10192/33811, 0 
https://hdl.handle.net/10192/33772, 0 
https://hdl.handle.net/10192/33850, 0 
https://hdl.handle.net/10192/33935, 0 
https://hdl.handle.net/10192/33812, 0 
https://hdl.handle.net/10192/33917, 0 
https://hdl.handle.net/10192/35292, 0 
https://hdl.handle.net/10192/35334, 0 
https://hdl.handle.net/10192/35572, 0 
https://hdl.handle.net/10192/35675, 0 
https://hdl.handle.net/10192/35693, 0 
https://hdl.handle.net/10192/35698, 0 
https://hdl.handle.net/10192/35696, 0 
https://hdl.handle.net/10192/35752, 0 
https://hdl.handle.net/10192/35697, 0 
https://hdl.handle.net/10192/33830, 0 
https://hdl.handle.net/10192/33072, 0 
https://hdl.handle.net/10192/33933, 0 
https://hdl.handle.net/10192/33650, 0 
https://hdl.handle.net/10192/33714, 0 
https://hdl.handle.net/10192/33816, 0 
https://hdl.handle.net/10192/33930, 0 
https://hdl.handle.net/10192/33712, 0 
https://hdl.handle.net/10192/33970, 0 
https://hdl.handle.net/10192/33813, 0 
https://hdl.handle.net/10192/34010, 0 
https://hdl.handle.net/10192/33810, 0 
https://hdl.handle.net/10192/33653, 0 
https://hdl.handle.net/10192/34070, 0 
https://hdl.handle.net/10192/33731, 0 
https://hdl.handle.net/10192/33832, 0 
https://hdl.handle.net/10192/33770, 0 
https://hdl.handle.net/10192/33776, 0 
https://hdl.handle.net/10192/33818, 0 
https://hdl.handle.net/10192/33992, 0 
https://hdl.handle.net/10192/32328, 0 
https://hdl.handle.net/10192/26315, 0 
https://hdl.handle.net/10192/25870, 0 
https://hdl.handle.net/10192/27237, 0 
https://hdl.handle.net/10192/26316, 0 
https://hdl.handle.net/10192/26317, 0 
https://hdl.handle.net/10192/33730, 0 
https://hdl.handle.net/10192/27241, 0 
https://hdl.handle.net/10192/27107, 0 
https://hdl.handle.net/10192/26314, 0 
https://hdl.handle.net/10192/26313, 0 
https://hdl.handle.net/10192/27244, 0 
https://hdl.handle.net/10192/28573, 0 
https://hdl.handle.net/10192/28470, 0 
https://hdl.handle.net/10192/28575, 0 
https://hdl.handle.net/10192/27074, 0 
https://hdl.handle.net/10192/27094, 0 
https://hdl.handle.net/10192/31050, 0 
https://hdl.handle.net/10192/32007, 0 
https://hdl.handle.net/10192/29094, 0 
https://hdl.handle.net/10192/32389, 0 
https://hdl.handle.net/10192/31119, 0 
https://hdl.handle.net/10192/31370, 0 
https://hdl.handle.net/10192/35652, 0 
https://hdl.handle.net/10192/34111, 0 
https://hdl.handle.net/10192/33817, 0 
https://hdl.handle.net/10192/23233,  24  
https://hdl.handle.net/10192/23234,  28  
https://hdl.handle.net/10192/34110, 0 
https://hdl.handle.net/10192/34150, 0 
https://hdl.handle.net/10192/23250,  27  
https://hdl.handle.net/10192/23237, 0 
https://hdl.handle.net/10192/23238, 0 
https://hdl.handle.net/10192/23236, 0 
https://hdl.handle.net/10192/23240, 0 
https://hdl.handle.net/10192/23886, 0 
https://hdl.handle.net/10192/27082, 0 
https://hdl.handle.net/10192/23978,  20  
https://hdl.handle.net/10192/24398,  26  
https://hdl.handle.net/10192/24059,  43  
https://hdl.handle.net/10192/24337,  22  
https://hdl.handle.net/10192/24426,  21  
https://hdl.handle.net/10192/24399,  23  
https://hdl.handle.net/10192/24428,  24  
https://hdl.handle.net/10192/22925, 0 
https://hdl.handle.net/10192/24429,  23  
https://hdl.handle.net/10192/23242,  22  
https://hdl.handle.net/10192/24371,  20  
https://hdl.handle.net/10192/24419, 0 
https://hdl.handle.net/10192/24370, 0 
https://hdl.handle.net/10192/24362, 0 
https://hdl.handle.net/10192/23211,  22  
https://hdl.handle.net/10192/23253,  20  
https://hdl.handle.net/10192/23979,  24  
https://hdl.handle.net/10192/23256,  21  
https://hdl.handle.net/10192/23241,  24  
https://hdl.handle.net/10192/23243,  25  
https://hdl.handle.net/10192/23870,  25  
https://hdl.handle.net/10192/23871,  42  
https://hdl.handle.net/10192/23838, 0 
https://hdl.handle.net/10192/23839,  21  
https://hdl.handle.net/10192/23918,  26  
https://hdl.handle.net/10192/24066, 0 
https://hdl.handle.net/10192/23867,  59  
https://hdl.handle.net/10192/24374, 0 
https://hdl.handle.net/10192/24418,  24  
https://hdl.handle.net/10192/24377,  21  
https://hdl.handle.net/10192/32067, 0 
https://hdl.handle.net/10192/24971, 0 
https://hdl.handle.net/10192/25132, 0 
https://hdl.handle.net/10192/24711, 0 
https://hdl.handle.net/10192/24931, 0 
https://hdl.handle.net/10192/24423,  22  
https://hdl.handle.net/10192/25157, 0 
https://hdl.handle.net/10192/25137, 0 
https://hdl.handle.net/10192/24910, 0 
https://hdl.handle.net/10192/25094, 0 
https://hdl.handle.net/10192/24650, 0 
https://hdl.handle.net/10192/26311, 0 
https://hdl.handle.net/10192/26327, 0 
https://hdl.handle.net/10192/24950, 0 
https://hdl.handle.net/10192/26570, 0 
https://hdl.handle.net/10192/27100, 0 
https://hdl.handle.net/10192/27093, 0 
https://hdl.handle.net/10192/26290, 0 
https://hdl.handle.net/10192/27242, 0 
https://hdl.handle.net/10192/27210, 0 
https://hdl.handle.net/10192/27130, 0 
https://hdl.handle.net/10192/27240, 0 
https://hdl.handle.net/10192/27190, 0 
https://hdl.handle.net/10192/27091, 0 
https://hdl.handle.net/10192/27238, 0 
https://hdl.handle.net/10192/27078, 0 
https://hdl.handle.net/10192/27062, 0 
https://hdl.handle.net/10192/24372, 0 
https://hdl.handle.net/10192/23190,  24  
https://hdl.handle.net/10192/23301,  38  
https://hdl.handle.net/10192/23320,  23  
https://hdl.handle.net/10192/23321, 0 
https://hdl.handle.net/10192/23997, 0 
https://hdl.handle.net/10192/24060, 0 
https://hdl.handle.net/10192/24427,  27  
https://hdl.handle.net/10192/24357, 0 
https://hdl.handle.net/10192/24361, 0 
https://hdl.handle.net/10192/24364,  26  
https://hdl.handle.net/10192/24360, 0 
https://hdl.handle.net/10192/27235, 0 
https://hdl.handle.net/10192/24379,  27  
https://hdl.handle.net/10192/24385,  20  
https://hdl.handle.net/10192/23191,  24  
https://hdl.handle.net/10192/24422, 0 
https://hdl.handle.net/10192/23254,  25  
https://hdl.handle.net/10192/23212,  36  
https://hdl.handle.net/10192/23977, 0 
https://hdl.handle.net/10192/23244, 0 
https://hdl.handle.net/10192/24257,  27  
https://hdl.handle.net/10192/23232, 0 
https://hdl.handle.net/10192/24369, 0 
https://hdl.handle.net/10192/23257,  27  
https://hdl.handle.net/10192/23872, 0 
https://hdl.handle.net/10192/23885, 0 
https://hdl.handle.net/10192/24375, 0 
https://hdl.handle.net/10192/24383,  35  
https://hdl.handle.net/10192/23230,  24  
https://hdl.handle.net/10192/23255,  22  
https://hdl.handle.net/10192/23239,  20  
https://hdl.handle.net/10192/23259,  23  
https://hdl.handle.net/10192/23150,  30  
https://hdl.handle.net/10192/24424, 0 
https://hdl.handle.net/10192/24058, 0 
https://hdl.handle.net/10192/23322,  21  
https://hdl.handle.net/10192/24061, 0 
https://hdl.handle.net/10192/23837, 0 
https://hdl.handle.net/10192/23881,  22  
https://hdl.handle.net/10192/23917,  22  
https://hdl.handle.net/10192/23879, 0 
https://hdl.handle.net/10192/23863, 0 
https://hdl.handle.net/10192/23859,  21  
https://hdl.handle.net/10192/23840,  24  
https://hdl.handle.net/10192/24062, 0 
https://hdl.handle.net/10192/23883, 0 
https://hdl.handle.net/10192/24359,  20  
https://hdl.handle.net/10192/23860, 0 
https://hdl.handle.net/10192/23235,  27  
https://hdl.handle.net/10192/24373,  21  
https://hdl.handle.net/10192/24400,  23  
https://hdl.handle.net/10192/23980,  20  
https://hdl.handle.net/10192/24388, 0 
https://hdl.handle.net/10192/23865,  33  
https://hdl.handle.net/10192/24260,  29  
https://hdl.handle.net/10192/24417, 0 
https://hdl.handle.net/10192/14,  31  
https://hdl.handle.net/10192/15, 0 
https://hdl.handle.net/10192/20,  26  
https://hdl.handle.net/10192/21,  27  
https://hdl.handle.net/10192/29,  23  
https://hdl.handle.net/10192/24367, 0 
https://hdl.handle.net/10192/26, 0 
https://hdl.handle.net/10192/12, 0 
https://hdl.handle.net/10192/30,  30  
https://hdl.handle.net/10192/32,  39  
https://hdl.handle.net/10192/31, 0 
https://hdl.handle.net/10192/16,  23  
https://hdl.handle.net/10192/34,  32  
https://hdl.handle.net/10192/35,  46  
https://hdl.handle.net/10192/36,  48  
https://hdl.handle.net/10192/17, 0 
https://hdl.handle.net/10192/33,  34  
https://hdl.handle.net/10192/27, 0 
https://hdl.handle.net/10192/13,  25  
https://hdl.handle.net/10192/22926,  28  
https://hdl.handle.net/10192/22928,  27  
https://hdl.handle.net/10192/23862,  32  
https://hdl.handle.net/10192/55, 0 
https://hdl.handle.net/10192/63, 0 
https://hdl.handle.net/10192/56, 0 
https://hdl.handle.net/10192/24376,  37  
https://hdl.handle.net/10192/50, 0 
https://hdl.handle.net/10192/45, 0 
https://hdl.handle.net/10192/47, 0 
https://hdl.handle.net/10192/74, 0 
https://hdl.handle.net/10192/68, 0 
https://hdl.handle.net/10192/24368,  25  
https://hdl.handle.net/10192/44, 0 
https://hdl.handle.net/10192/52, 0 
https://hdl.handle.net/10192/72, 0 
https://hdl.handle.net/10192/75, 0 
https://hdl.handle.net/10192/65, 0 
https://hdl.handle.net/10192/60, 0 
https://hdl.handle.net/10192/82, 0 
https://hdl.handle.net/10192/57, 0 
https://hdl.handle.net/10192/69, 0 
https://hdl.handle.net/10192/77, 0 
https://hdl.handle.net/10192/58, 0 
https://hdl.handle.net/10192/66, 0 
https://hdl.handle.net/10192/83, 0 
https://hdl.handle.net/10192/73, 0 
https://hdl.handle.net/10192/78, 0 
https://hdl.handle.net/10192/70, 0 
https://hdl.handle.net/10192/81, 0 
https://hdl.handle.net/10192/22924,  32  
https://hdl.handle.net/10192/48, 0 
https://hdl.handle.net/10192/67, 0 
https://hdl.handle.net/10192/24397, 0 
https://hdl.handle.net/10192/62, 0 
https://hdl.handle.net/10192/54, 0 
https://hdl.handle.net/10192/51, 0 
https://hdl.handle.net/10192/19,  22  
https://hdl.handle.net/10192/59, 0 
https://hdl.handle.net/10192/49, 0 
https://hdl.handle.net/10192/24057, 0 
https://hdl.handle.net/10192/18,  28  
https://hdl.handle.net/10192/24365,  32  
https://hdl.handle.net/10192/92, 0 
https://hdl.handle.net/10192/86, 0 
https://hdl.handle.net/10192/96, 0 
https://hdl.handle.net/10192/90, 0 
https://hdl.handle.net/10192/91, 0 
https://hdl.handle.net/10192/94, 0 
https://hdl.handle.net/10192/95, 0 
https://hdl.handle.net/10192/93, 0 
https://hdl.handle.net/10192/97, 0 
https://hdl.handle.net/10192/98, 0 
https://hdl.handle.net/10192/99, 0 
https://hdl.handle.net/10192/85, 0 
https://hdl.handle.net/10192/84, 0 
https://hdl.handle.net/10192/87, 0 
https://hdl.handle.net/10192/88, 0 
https://hdl.handle.net/10192/89, 0 
https://hdl.handle.net/10192/24531, 0 
https://hdl.handle.net/10192/24532, 0 
https://hdl.handle.net/10192/24533, 0 
https://hdl.handle.net/10192/24535, 0 
https://hdl.handle.net/10192/25053, 0 
https://hdl.handle.net/10192/64, 0 
https://hdl.handle.net/10192/24530, 0 
https://hdl.handle.net/10192/24630, 0 
https://hdl.handle.net/10192/24951, 0 
https://hdl.handle.net/10192/24952, 0 
https://hdl.handle.net/10192/24670, 0 
https://hdl.handle.net/10192/25091, 0 
https://hdl.handle.net/10192/24690, 0 
https://hdl.handle.net/10192/25097, 0 
https://hdl.handle.net/10192/24750, 0 
https://hdl.handle.net/10192/25054, 0 
https://hdl.handle.net/10192/25093, 0 
https://hdl.handle.net/10192/25135, 0 
https://hdl.handle.net/10192/24730, 0 
https://hdl.handle.net/10192/25102, 0 
https://hdl.handle.net/10192/22927,  20  
https://hdl.handle.net/10192/25160, 0 
https://hdl.handle.net/10192/25430, 0 
https://hdl.handle.net/10192/25099, 0 
https://hdl.handle.net/10192/25390, 0 
https://hdl.handle.net/10192/25100, 0 
https://hdl.handle.net/10192/25103, 0 
https://hdl.handle.net/10192/24710, 0 
https://hdl.handle.net/10192/26312, 0 
https://hdl.handle.net/10192/26323, 0 
https://hdl.handle.net/10192/25073, 0 
https://hdl.handle.net/10192/26310, 0 
https://hdl.handle.net/10192/26270, 0 
https://hdl.handle.net/10192/24970, 0 
https://hdl.handle.net/10192/25092, 0 
https://hdl.handle.net/10192/25131, 0 
https://hdl.handle.net/10192/25056, 0 
https://hdl.handle.net/10192/25121, 0 
https://hdl.handle.net/10192/25431, 0 
https://hdl.handle.net/10192/25432, 0 
https://hdl.handle.net/10192/26325, 0 
https://hdl.handle.net/10192/26322, 0 
https://hdl.handle.net/10192/27059, 0 
https://hdl.handle.net/10192/27105, 0 
https://hdl.handle.net/10192/25072, 0 
https://hdl.handle.net/10192/27081, 0 
https://hdl.handle.net/10192/27060, 0 
https://hdl.handle.net/10192/27131, 0 
https://hdl.handle.net/10192/27099, 0 
https://hdl.handle.net/10192/46, 0 
https://hdl.handle.net/10192/27096, 0 
https://hdl.handle.net/10192/27077, 0 
https://hdl.handle.net/10192/27101, 0 
https://hdl.handle.net/10192/27090, 0 
https://hdl.handle.net/10192/27230, 0 
https://hdl.handle.net/10192/27106, 0 
https://hdl.handle.net/10192/27236, 0 
https://hdl.handle.net/10192/27095, 0 
https://hdl.handle.net/10192/27150, 0 
https://hdl.handle.net/10192/27097, 0 
https://hdl.handle.net/10192/27231, 0 
https://hdl.handle.net/10192/27080, 0 
https://hdl.handle.net/10192/27243, 0 
https://hdl.handle.net/10192/27073, 0 
https://hdl.handle.net/10192/27075, 0 
https://hdl.handle.net/10192/27079, 0 
https://hdl.handle.net/10192/26324, 0 
https://hdl.handle.net/10192/25095, 0 
https://hdl.handle.net/10192/25130, 0 
https://hdl.handle.net/10192/27092, 0 
https://hdl.handle.net/10192/25433, 0 
https://hdl.handle.net/10192/24810, 0 
https://hdl.handle.net/10192/26291, 0 
https://hdl.handle.net/10192/27103, 0 
https://hdl.handle.net/10192/27170, 0 
https://hdl.handle.net/10192/27076, 0 
https://hdl.handle.net/10192/27571, 0 
https://hdl.handle.net/10192/24534, 0 
https://hdl.handle.net/10192/25090, 0 
https://hdl.handle.net/10192/25055, 0 
https://hdl.handle.net/10192/25122, 0 
https://hdl.handle.net/10192/25096, 0 
https://hdl.handle.net/10192/25052, 0 
https://hdl.handle.net/10192/25158, 0 
https://hdl.handle.net/10192/24770, 0 
https://hdl.handle.net/10192/26326, 0 
https://hdl.handle.net/10192/25133, 0 
https://hdl.handle.net/10192/27102, 0 
https://hdl.handle.net/10192/27098, 0 
https://hdl.handle.net/10192/27234, 0 
https://hdl.handle.net/10192/27072, 0 
https://hdl.handle.net/10192/27063, 0 
https://hdl.handle.net/10192/27233, 0 
https://hdl.handle.net/10192/23325, 0 
https://hdl.handle.net/10192/23192, 0 
https://hdl.handle.net/10192/23193, 0 
https://hdl.handle.net/10192/27239, 0 
https://hdl.handle.net/10192/23251,  21  
https://hdl.handle.net/10192/23210,  28  
https://hdl.handle.net/10192/24078,  23  
https://hdl.handle.net/10192/24079,  42  
https://hdl.handle.net/10192/23864,  21  
https://hdl.handle.net/10192/23841, 0 
https://hdl.handle.net/10192/27232, 0 
https://hdl.handle.net/10192/24077, 0 
https://hdl.handle.net/10192/23869,  21  
https://hdl.handle.net/10192/23880, 0 
https://hdl.handle.net/10192/23843, 0 
https://hdl.handle.net/10192/24065,  22  
https://hdl.handle.net/10192/23884,  21  
https://hdl.handle.net/10192/24064, 0 
https://hdl.handle.net/10192/23858, 0 
https://hdl.handle.net/10192/23861,  36  
https://hdl.handle.net/10192/24063, 0 
https://hdl.handle.net/10192/24363, 0 
https://hdl.handle.net/10192/24389,  21  
https://hdl.handle.net/10192/23882,  25  
https://hdl.handle.net/10192/24261,  24  
https://hdl.handle.net/10192/23866,  20  
https://hdl.handle.net/10192/24382, 0 
https://hdl.handle.net/10192/24358,  20  
https://hdl.handle.net/10192/24421,  23  
https://hdl.handle.net/10192/24386,  67  
https://hdl.handle.net/10192/24366,  20  
https://hdl.handle.net/10192/24384, 0 
https://hdl.handle.net/10192/24420, 0 
https://hdl.handle.net/10192/23323,  30  
https://hdl.handle.net/10192/23324,  23  
https://hdl.handle.net/10192/24258,  24  
https://hdl.handle.net/10192/24259,  30  
https://hdl.handle.net/10192/24425,  22  
https://hdl.handle.net/10192/24387,  20  
https://hdl.handle.net/10192/27061, 0 
https://hdl.handle.net/10192/28590, 0 
https://hdl.handle.net/10192/28571, 0 
https://hdl.handle.net/10192/28592, 0 
https://hdl.handle.net/10192/28574, 0 
https://hdl.handle.net/10192/29090, 0 
https://hdl.handle.net/10192/29093, 0 
https://hdl.handle.net/10192/28591, 0 
https://hdl.handle.net/10192/28593, 0 
https://hdl.handle.net/10192/29091, 0 
https://hdl.handle.net/10192/28570, 0 
https://hdl.handle.net/10192/28572, 0 
https://hdl.handle.net/10192/28530, 0 
https://hdl.handle.net/10192/29092, 0 
https://hdl.handle.net/10192/30515, 0 
https://hdl.handle.net/10192/23868, 0 
https://hdl.handle.net/10192/30585, 0 
https://hdl.handle.net/10192/31076, 0 
https://hdl.handle.net/10192/31075, 0 
https://hdl.handle.net/10192/31112, 0 
https://hdl.handle.net/10192/31111, 0 
https://hdl.handle.net/10192/30591, 0 
https://hdl.handle.net/10192/31810, 0 
https://hdl.handle.net/10192/32310, 0 
https://hdl.handle.net/10192/31120, 0 
https://hdl.handle.net/10192/32188, 0 
https://hdl.handle.net/10192/32088, 0 
https://hdl.handle.net/10192/32047, 0 
https://hdl.handle.net/10192/32291, 0 
https://hdl.handle.net/10192/23258, 0 
https://hdl.handle.net/10192/32048, 0 
https://hdl.handle.net/10192/32253, 0 
https://hdl.handle.net/10192/32109, 0 
https://hdl.handle.net/10192/32068, 0 
https://hdl.handle.net/10192/32108, 0 
https://hdl.handle.net/10192/32293, 0 
https://hdl.handle.net/10192/32107, 0 
https://hdl.handle.net/10192/32317, 0 
https://hdl.handle.net/10192/32092, 0 
https://hdl.handle.net/10192/32275, 0 
https://hdl.handle.net/10192/24137,  36  
https://hdl.handle.net/10192/32278, 0 
https://hdl.handle.net/10192/32260, 0 
https://hdl.handle.net/10192/32289, 0 
https://hdl.handle.net/10192/32091, 0 
https://hdl.handle.net/10192/32270, 0 
https://hdl.handle.net/10192/32315, 0 
https://hdl.handle.net/10192/32287, 0 
https://hdl.handle.net/10192/32316, 0 
https://hdl.handle.net/10192/32254, 0 
https://hdl.handle.net/10192/32273, 0 
https://hdl.handle.net/10192/30582, 0 
https://hdl.handle.net/10192/30587, 0 
https://hdl.handle.net/10192/30597, 0 
https://hdl.handle.net/10192/32251, 0 
https://hdl.handle.net/10192/30575, 0 
https://hdl.handle.net/10192/30583, 0 
https://hdl.handle.net/10192/30530, 0 
https://hdl.handle.net/10192/31117, 0 
https://hdl.handle.net/10192/31110, 0 
https://hdl.handle.net/10192/31815, 0 
https://hdl.handle.net/10192/31072, 0 
https://hdl.handle.net/10192/32257, 0 
https://hdl.handle.net/10192/31813, 0 
https://hdl.handle.net/10192/31811, 0 
https://hdl.handle.net/10192/32272, 0 
https://hdl.handle.net/10192/32292, 0 
https://hdl.handle.net/10192/32274, 0 
https://hdl.handle.net/10192/32087, 0 
https://hdl.handle.net/10192/32290, 0 
https://hdl.handle.net/10192/32210, 0 
https://hdl.handle.net/10192/32288, 0 
https://hdl.handle.net/10192/32319, 0 
https://hdl.handle.net/10192/32320, 0 
https://hdl.handle.net/10192/32311, 0 
https://hdl.handle.net/10192/32318, 0 
https://hdl.handle.net/10192/30570, 0 
https://hdl.handle.net/10192/30594, 0 
https://hdl.handle.net/10192/30512, 0 
https://hdl.handle.net/10192/30593, 0 
https://hdl.handle.net/10192/30598, 0 
https://hdl.handle.net/10192/30571, 0 
https://hdl.handle.net/10192/30552, 0 
https://hdl.handle.net/10192/30592, 0 
https://hdl.handle.net/10192/31093, 0 
https://hdl.handle.net/10192/32252, 0 
https://hdl.handle.net/10192/31817, 0 
https://hdl.handle.net/10192/32089, 0 
https://hdl.handle.net/10192/32249, 0 
https://hdl.handle.net/10192/32314, 0 
https://hdl.handle.net/10192/32286, 0 
https://hdl.handle.net/10192/32321, 0 
https://hdl.handle.net/10192/30590, 0 
https://hdl.handle.net/10192/32388, 0 
https://hdl.handle.net/10192/30600, 0 
https://hdl.handle.net/10192/30430, 0 
https://hdl.handle.net/10192/30595, 0 
https://hdl.handle.net/10192/31116, 0 
https://hdl.handle.net/10192/30589, 0 
https://hdl.handle.net/10192/30601, 0 
https://hdl.handle.net/10192/30517, 0 
https://hdl.handle.net/10192/30532, 0 
https://hdl.handle.net/10192/30599, 0 
https://hdl.handle.net/10192/30596, 0 
https://hdl.handle.net/10192/30580, 0 
https://hdl.handle.net/10192/30581, 0 
https://hdl.handle.net/10192/32090, 0 
https://hdl.handle.net/10192/30513, 0 
https://hdl.handle.net/10192/30573, 0 
https://hdl.handle.net/10192/30576, 0 
https://hdl.handle.net/10192/30574, 0 
https://hdl.handle.net/10192/30514, 0 
https://hdl.handle.net/10192/30579, 0 
https://hdl.handle.net/10192/31818, 0 
https://hdl.handle.net/10192/31092, 0 
https://hdl.handle.net/10192/31115, 0 
https://hdl.handle.net/10192/30516, 0 
https://hdl.handle.net/10192/31071, 0 
https://hdl.handle.net/10192/31070, 0 
https://hdl.handle.net/10192/31114, 0 
https://hdl.handle.net/10192/32262, 0 
https://hdl.handle.net/10192/30578, 0 
https://hdl.handle.net/10192/31812, 0 
https://hdl.handle.net/10192/31816, 0 
https://hdl.handle.net/10192/31819, 0 
https://hdl.handle.net/10192/31118, 0 
https://hdl.handle.net/10192/30511, 0 
https://hdl.handle.net/10192/31073, 0 
https://hdl.handle.net/10192/32468, 0 
https://hdl.handle.net/10192/33271, 0 
https://hdl.handle.net/10192/33273, 0 
https://hdl.handle.net/10192/33880, 0 
https://hdl.handle.net/10192/33877, 0 
https://hdl.handle.net/10192/33891, 0 
https://hdl.handle.net/10192/33887, 0 
https://hdl.handle.net/10192/33870, 0 
https://hdl.handle.net/10192/31814, 0 
https://hdl.handle.net/10192/33881, 0 
https://hdl.handle.net/10192/34139, 0 
https://hdl.handle.net/10192/30586, 0 
https://hdl.handle.net/10192/33912, 0 
https://hdl.handle.net/10192/33876, 0 
https://hdl.handle.net/10192/32892, 0 
https://hdl.handle.net/10192/33915, 0 
https://hdl.handle.net/10192/33903, 0 
https://hdl.handle.net/10192/34138, 0 
https://hdl.handle.net/10192/33899, 0 
https://hdl.handle.net/10192/35394, 0 
https://hdl.handle.net/10192/35393, 0 
https://hdl.handle.net/10192/35396, 0 
https://hdl.handle.net/10192/33890, 0 
https://hdl.handle.net/10192/33886, 0 
https://hdl.handle.net/10192/33910, 0 
https://hdl.handle.net/10192/35398, 0 
https://hdl.handle.net/10192/35397, 0 
https://hdl.handle.net/10192/35395, 0 
https://hdl.handle.net/10192/35654, 0 
https://hdl.handle.net/10192/35679, 0 
https://hdl.handle.net/10192/35681, 0 
https://hdl.handle.net/10192/35653, 0 
https://hdl.handle.net/10192/35684, 0 
https://hdl.handle.net/10192/35690, 0 
https://hdl.handle.net/10192/35687, 0 
https://hdl.handle.net/10192/35655, 0 
https://hdl.handle.net/10192/35657, 0 
https://hdl.handle.net/10192/35656, 0 
https://hdl.handle.net/10192/35676, 0 
https://hdl.handle.net/10192/35659, 0 
https://hdl.handle.net/10192/35713, 0 
https://hdl.handle.net/10192/35669, 0 
https://hdl.handle.net/10192/35660, 0 
https://hdl.handle.net/10192/35688, 0 
https://hdl.handle.net/10192/35699, 0 
https://hdl.handle.net/10192/35673, 0 
https://hdl.handle.net/10192/35714, 0 
https://hdl.handle.net/10192/35661, 0 
https://hdl.handle.net/10192/35662, 0 
https://hdl.handle.net/10192/35672, 0 
https://hdl.handle.net/10192/35658, 0 
https://hdl.handle.net/10192/35665, 0 
https://hdl.handle.net/10192/30572, 0 
https://hdl.handle.net/10192/35664, 0 
https://hdl.handle.net/10192/35677, 0 
https://hdl.handle.net/10192/35671, 0 
https://hdl.handle.net/10192/35678, 0 
https://hdl.handle.net/10192/35682, 0 
https://hdl.handle.net/10192/33892, 0 
https://hdl.handle.net/10192/35715, 0 
https://hdl.handle.net/10192/35686, 0 
https://hdl.handle.net/10192/35712, 0 
https://hdl.handle.net/10192/33270, 0 
https://hdl.handle.net/10192/33872, 0 
https://hdl.handle.net/10192/33893, 0 
https://hdl.handle.net/10192/33913, 0 
https://hdl.handle.net/10192/33906, 0 
https://hdl.handle.net/10192/33908, 0 
https://hdl.handle.net/10192/33902, 0 
https://hdl.handle.net/10192/33874, 0 
https://hdl.handle.net/10192/34030, 0 
https://hdl.handle.net/10192/34140, 0 
https://hdl.handle.net/10192/34141, 0 
https://hdl.handle.net/10192/34137, 0 
https://hdl.handle.net/10192/35399, 0 
https://hdl.handle.net/10192/35680, 0 
https://hdl.handle.net/10192/35674, 0 
https://hdl.handle.net/10192/35689, 0 
https://hdl.handle.net/10192/35670, 0 
https://hdl.handle.net/10192/32890, 0 
https://hdl.handle.net/10192/35683, 0 
https://hdl.handle.net/10192/35663, 0 
https://hdl.handle.net/10192/35667, 0 
https://hdl.handle.net/10192/35666, 0 
https://hdl.handle.net/10192/35685, 0 
https://hdl.handle.net/10192/32891, 0 
https://hdl.handle.net/10192/33905, 0 
https://hdl.handle.net/10192/35668, 0 
https://hdl.handle.net/10192/33885, 0 
https://hdl.handle.net/10192/33907, 0 
https://hdl.handle.net/10192/33889, 0 
https://hdl.handle.net/10192/33918, 0 
https://hdl.handle.net/10192/33883, 0 
https://hdl.handle.net/10192/33916, 0 
https://hdl.handle.net/10192/33932, 0 
https://hdl.handle.net/10192/33895, 0 
https://hdl.handle.net/10192/33878, 0 
https://hdl.handle.net/10192/33952, 0 
https://hdl.handle.net/10192/34132, 0 
https://hdl.handle.net/10192/34130, 0 
https://hdl.handle.net/10192/34136, 0 
https://hdl.handle.net/10192/34135, 0 
https://hdl.handle.net/10192/32910, 0 
https://hdl.handle.net/10192/33272, 0 
https://hdl.handle.net/10192/33274, 0 
https://hdl.handle.net/10192/33898, 0 
https://hdl.handle.net/10192/33884, 0 
https://hdl.handle.net/10192/33900, 0 
https://hdl.handle.net/10192/33911, 0 
https://hdl.handle.net/10192/33897, 0 
https://hdl.handle.net/10192/33914, 0 
https://hdl.handle.net/10192/33888, 0 
https://hdl.handle.net/10192/33894, 0 
https://hdl.handle.net/10192/33904, 0 
https://hdl.handle.net/10192/34134, 0 
https://hdl.handle.net/10192/34133, 0 
https://hdl.handle.net/10192/34131, 0 
https://hdl.handle.net/10192/35392, 0 
https://hdl.handle.net/10192/32893, 0 
https://hdl.handle.net/10192/33882, 0 
https://hdl.handle.net/10192/33875, 0 
https://hdl.handle.net/10192/33873, 0 
https://hdl.handle.net/10192/33931, 0 
https://hdl.handle.net/10192/33919, 0 
https://hdl.handle.net/10192/35993, 0 
https://hdl.handle.net/0192/35872, 0 
https://hdl.handle.net/10192/35873, 0 
https://hdl.handle.net/10192/35932, 0 
https://hdl.handle.net/10192/35994, 0 
https://hdl.handle.net/10192/36052, 0 
https://hdl.handle.net/10192/36093, 0 
https://hdl.handle.net/10192/36094, 0 
https://hdl.handle.net/10192/36095, 0 
https://hdl.handle.net/10192/36096, 0 
https://hdl.handle.net/10192/36097, 0 
https://hdl.handle.net/10192/36098, 0 
https://hdl.handle.net/10192/36099, 0 
https://hdl.handle.net/10192/36100, 0 
https://hdl.handle.net/10192/33896, 0 
https://hdl.handle.net/10192/36102, 0 
https://hdl.handle.net/10192/36103, 0 
https://hdl.handle.net/10192/36104, 0 
https://hdl.handle.net/10192/36105, 0 
https://hdl.handle.net/10192/36106, 0 
https://hdl.handle.net/10192/36107, 0 
https://hdl.handle.net/10192/36108, 0 
https://hdl.handle.net/10192/36109, 0 
https://hdl.handle.net/10192/36110, 0 
https://hdl.handle.net/10192/36112, 0 
https://hdl.handle.net/10192/36111, 0 
https://hdl.handle.net/10192/36113, 0 
https://hdl.handle.net/10192/36114, 0 
https://hdl.handle.net/10192/36115, 0 
https://hdl.handle.net/10192/36117, 0 
https://hdl.handle.net/10192/36116, 0 
https://hdl.handle.net/10192/36118, 0 
https://hdl.handle.net/10192/36119, 0 
https://hdl.handle.net/10192/36120, 0 
https://hdl.handle.net/10192/36122, 0 
https://hdl.handle.net/10192/36123, 0 
https://hdl.handle.net/10192/36124, 0 
https://hdl.handle.net/10192/36125, 0 
https://hdl.handle.net/10192/36126, 0 
https://hdl.handle.net/10192/36127, 0 
https://hdl.handle.net/10192/36128, 0 
https://hdl.handle.net/10192/36129, 0 
https://hdl.handle.net/10192/36130, 0 
https://hdl.handle.net/10192/36131, 0 
https://hdl.handle.net/10192/36101, 0 
https://hdl.handle.net/10192/36133, 0 
https://hdl.handle.net/10192/36134, 0 
https://hdl.handle.net/10192/36132, 0 
https://hdl.handle.net/10192/36136, 0 
https://hdl.handle.net/10192/36137, 0 
https://hdl.handle.net/10192/36138, 0 
https://hdl.handle.net/10192/36139, 0 
https://hdl.handle.net/10192/36141, 0 
https://hdl.handle.net/10192/36140, 0 
https://hdl.handle.net/10192/36142, 0 
https://hdl.handle.net/10192/36143, 0 
https://hdl.handle.net/10192/36144, 0 
https://hdl.handle.net/10192/36145, 0 
https://hdl.handle.net/10192/36146, 0 
https://hdl.handle.net/10192/36147, 0 
https://hdl.handle.net/10192/36148, 0 
https://hdl.handle.net/10192/36149, 0 
https://hdl.handle.net/10192/36150, 0 
https://hdl.handle.net/10192/36152, 0 
https://hdl.handle.net/10192/36153, 0 
https://hdl.handle.net/10192/36154, 0 
https://hdl.handle.net/10192/36151, 0 
https://hdl.handle.net/10192/36155, 0 
https://hdl.handle.net/10192/36156, 0 
https://hdl.handle.net/10192/36157, 0 
https://hdl.handle.net/10192/36158, 0 
https://hdl.handle.net/10192/36159, 0 
https://hdl.handle.net/10192/36160, 0 
https://hdl.handle.net/10192/36161, 0 
https://hdl.handle.net/10192/36162, 0 
https://hdl.handle.net/10192/36163, 0 
https://hdl.handle.net/10192/36164, 0 
https://hdl.handle.net/10192/36165, 0 
https://hdl.handle.net/10192/36166, 0 
https://hdl.handle.net/10192/36167, 0 
https://hdl.handle.net/10192/36169, 0 
https://hdl.handle.net/10192/36168, 0 
https://hdl.handle.net/10192/36171, 0 
https://hdl.handle.net/10192/36170, 0 
https://hdl.handle.net/10192/36172, 0 
https://hdl.handle.net/10192/36173, 0 
https://hdl.handle.net/10192/36174, 0 
https://hdl.handle.net/10192/36175, 0 
https://hdl.handle.net/10192/36176, 0 
https://hdl.handle.net/10192/36178, 0 
https://hdl.handle.net/10192/36179, 0 
https://hdl.handle.net/10192/36177, 0 
https://hdl.handle.net/10192/36180, 0 
https://hdl.handle.net/10192/36181, 0 
https://hdl.handle.net/10192/36183, 0 
https://hdl.handle.net/10192/36182, 0 
https://hdl.handle.net/10192/36184, 0 
https://hdl.handle.net/10192/33871, 0 
https://hdl.handle.net/10192/36186, 0 
https://hdl.handle.net/10192/36187, 0 
https://hdl.handle.net/10192/36188, 0 
https://hdl.handle.net/10192/36189, 0 
https://hdl.handle.net/10192/36190, 0 
https://hdl.handle.net/10192/36191, 0 
https://hdl.handle.net/10192/36192, 0 
https://hdl.handle.net/10192/36193, 0 
https://hdl.handle.net/10192/36194, 0 
https://hdl.handle.net/10192/36196, 0 
https://hdl.handle.net/10192/36195, 0 
https://hdl.handle.net/10192/36197, 0 
https://hdl.handle.net/10192/36198, 0 
https://hdl.handle.net/10192/36199, 0 
https://hdl.handle.net/10192/36201, 0 
https://hdl.handle.net/10192/36200, 0 
https://hdl.handle.net/10192/36202, 0 
https://hdl.handle.net/10192/36203, 0 
https://hdl.handle.net/10192/36204, 0 
https://hdl.handle.net/10192/36205, 0 
https://hdl.handle.net/10192/36206, 0 
https://hdl.handle.net/10192/36207, 0 
https://hdl.handle.net/10192/36208, 0 
https://hdl.handle.net/10192/36209, 0 
https://hdl.handle.net/10192/36210, 0 
https://hdl.handle.net/10192/36211, 0 
https://hdl.handle.net/10192/36185, 0 
https://hdl.handle.net/10192/36213, 0 
https://hdl.handle.net/10192/36214, 0 
https://hdl.handle.net/10192/36215, 0 
https://hdl.handle.net/10192/36216, 0 
https://hdl.handle.net/10192/36217, 0 
https://hdl.handle.net/10192/36218, 0 
https://hdl.handle.net/10192/36219, 0 
https://hdl.handle.net/10192/36220, 0 
https://hdl.handle.net/10192/36221, 0 
https://hdl.handle.net/10192/36222, 0 
https://hdl.handle.net/10192/36223, 0 
https://hdl.handle.net/10192/36212, 0 
https://hdl.handle.net/10192/36225, 0 
https://hdl.handle.net/10192/36226, 0 
https://hdl.handle.net/10192/36227, 0 
https://hdl.handle.net/10192/36228, 0 
https://hdl.handle.net/10192/36229, 0 
https://hdl.handle.net/10192/36230, 0 
https://hdl.handle.net/10192/36231, 0 
https://hdl.handle.net/10192/36232, 0 
https://hdl.handle.net/10192/36233, 0 
https://hdl.handle.net/10192/33901, 0 
https://hdl.handle.net/10192/36238, 0 
https://hdl.handle.net/10192/36239, 0 
https://hdl.handle.net/10192/36240, 0 
https://hdl.handle.net/10192/36241, 0 
https://hdl.handle.net/10192/36242, 0 
https://hdl.handle.net/10192/36237, 0 
https://hdl.handle.net/10192/36244, 0 
https://hdl.handle.net/10192/36245, 0 
https://hdl.handle.net/10192/36246, 0 
https://hdl.handle.net/10192/36247, 0 
https://hdl.handle.net/10192/36248, 0 
https://hdl.handle.net/10192/36135, 0 
https://hdl.handle.net/10192/36224, 0 
https://hdl.handle.net/10192/36236, 0 
https://hdl.handle.net/10192/36251, 0 
https://hdl.handle.net/10192/36235, 0 
https://hdl.handle.net/10192/36234, 0 
https://hdl.handle.net/10192/36253, 0 
https://hdl.handle.net/10192/36252, 0 
https://hdl.handle.net/10192/36255, 0 
https://hdl.handle.net/10192/36256, 0 
https://hdl.handle.net/10192/36257, 0 
https://hdl.handle.net/10192/36254, 0 
https://hdl.handle.net/10192/36258, 0 
https://hdl.handle.net/10192/36259, 0 
https://hdl.handle.net/10192/36243, 0 
https://hdl.handle.net/10192/36260, 0 
https://hdl.handle.net/10192/36250, 0 
https://hdl.handle.net/10192/36263, 0 
https://hdl.handle.net/10192/36264, 0 
https://hdl.handle.net/10192/36262, 0 
https://hdl.handle.net/10192/36249, 0 
https://hdl.handle.net/10192/36268, 0 
https://hdl.handle.net/10192/36267, 0 
https://hdl.handle.net/10192/36269, 0 
https://hdl.handle.net/10192/36270, 0 
https://hdl.handle.net/10192/36265, 0 
https://hdl.handle.net/10192/36272, 0 
https://hdl.handle.net/10192/36273, 0 
https://hdl.handle.net/10192/36274, 0 
https://hdl.handle.net/10192/36275, 0 
https://hdl.handle.net/10192/36276, 0 
https://hdl.handle.net/10192/36277, 0 
https://hdl.handle.net/10192/36278, 0 
https://hdl.handle.net/10192/36279, 0 
https://hdl.handle.net/10192/36280, 0 
https://hdl.handle.net/10192/36281, 0 
https://hdl.handle.net/10192/36282, 0 
https://hdl.handle.net/10192/36283, 0 
https://hdl.handle.net/10192/36284, 0 
https://hdl.handle.net/10192/36285, 0 
https://hdl.handle.net/10192/36287, 0 
https://hdl.handle.net/10192/36286, 0 
https://hdl.handle.net/10192/36288, 0 
https://hdl.handle.net/10192/36289, 0 
https://hdl.handle.net/10192/36290, 0 
https://hdl.handle.net/10192/36291, 0 
https://hdl.handle.net/10192/36292, 0 
https://hdl.handle.net/10192/36293, 0 
https://hdl.handle.net/10192/36294, 0 
https://hdl.handle.net/10192/36295, 0 
https://hdl.handle.net/10192/36296, 0 
https://hdl.handle.net/10192/36297, 0 
https://hdl.handle.net/10192/36298, 0 
https://hdl.handle.net/10192/36299, 0 
https://hdl.handle.net/10192/36300, 0 
https://hdl.handle.net/10192/36314, 0 
https://hdl.handle.net/10192/36315, 0 
https://hdl.handle.net/10192/36271, 0 
https://hdl.handle.net/10192/36317, 0 
https://hdl.handle.net/10192/36318, 0 
https://hdl.handle.net/10192/36319, 0 
https://hdl.handle.net/10192/36320, 0 
https://hdl.handle.net/10192/36321, 0 
https://hdl.handle.net/10192/36322, 0 
https://hdl.handle.net/10192/36323, 0 
https://hdl.handle.net/10192/36324, 0 
https://hdl.handle.net/10192/36352, 0 
https://hdl.handle.net/10192/36353, 0 
https://hdl.handle.net/10192/36266, 0 
https://hdl.handle.net/10192/36355, 0 
https://hdl.handle.net/10192/36372, 0 
https://hdl.handle.net/10192/36373, 0 
https://hdl.handle.net/10192/36374, 0 
https://hdl.handle.net/10192/36316, 0 
https://hdl.handle.net/10192/36376, 0 
https://hdl.handle.net/10192/36377, 0 
https://hdl.handle.net/10192/36378, 0 
https://hdl.handle.net/10192/36354, 0 
https://hdl.handle.net/10192/36380, 0 
https://hdl.handle.net/10192/36381, 0 
https://hdl.handle.net/10192/36383, 0 
https://hdl.handle.net/10192/36382, 0 
https://hdl.handle.net/10192/36375, 0 
https://hdl.handle.net/10192/36385, 0 
https://hdl.handle.net/10192/36386, 0 
https://hdl.handle.net/10192/36387, 0 
https://hdl.handle.net/10192/36379, 0 
https://hdl.handle.net/10192/36389, 0 
https://hdl.handle.net/10192/36390, 0 
https://hdl.handle.net/10192/36391, 0 
https://hdl.handle.net/10192/36392, 0 
https://hdl.handle.net/10192/36393, 0 
https://hdl.handle.net/10192/36394, 0 
https://hdl.handle.net/10192/36395, 0 
https://hdl.handle.net/10192/36396, 0 
https://hdl.handle.net/10192/36397, 0 
https://hdl.handle.net/10192/36398, 0 
https://hdl.handle.net/10192/36399, 0 
https://hdl.handle.net/10192/36400, 0 
https://hdl.handle.net/10192/36402, 0 
https://hdl.handle.net/10192/36401, 0 
https://hdl.handle.net/10192/36404, 0 
https://hdl.handle.net/10192/36405, 0 
https://hdl.handle.net/10192/36403, 0 
https://hdl.handle.net/10192/36406, 0 
https://hdl.handle.net/10192/36408, 0 
https://hdl.handle.net/10192/36409, 0 
https://hdl.handle.net/10192/36410, 0 
https://hdl.handle.net/10192/36411, 0 
https://hdl.handle.net/10192/36412, 0 
https://hdl.handle.net/10192/36413, 0 
https://hdl.handle.net/10192/36414, 0 
https://hdl.handle.net/10192/36261, 0 
https://hdl.handle.net/10192/36416, 0 
https://hdl.handle.net/10192/36417, 0 
https://hdl.handle.net/10192/36418, 0 
https://hdl.handle.net/10192/36432, 0 
https://hdl.handle.net/10192/36433, 0 
https://hdl.handle.net/10192/36384, 0 
https://hdl.handle.net/10192/36435, 0 
https://hdl.handle.net/10192/36436, 0 
https://hdl.handle.net/10192/36437, 0 
https://hdl.handle.net/10192/36438, 0 
https://hdl.handle.net/10192/36415, 0 
https://hdl.handle.net/10192/36441, 0 
https://hdl.handle.net/10192/36442, 0 
https://hdl.handle.net/10192/36482, 0 
https://hdl.handle.net/10192/36500, 0 
https://hdl.handle.net/10192/36526, 0 
https://hdl.handle.net/10192/36527, 0 
https://hdl.handle.net/10192/36812, 0 
https://hdl.handle.net/10192/38932, 0 
https://hdl.handle.net/10192/35777, 0 
https://hdl.handle.net/10192/35773, 0 
https://hdl.handle.net/10192/35786, 0 
https://hdl.handle.net/10192/35791, 0 
https://hdl.handle.net/10192/35772, 0 
https://hdl.handle.net/10192/35790, 0 
https://hdl.handle.net/10192/35797, 0 
https://hdl.handle.net/10192/35774, 0 
https://hdl.handle.net/10192/36733, 0 
https://hdl.handle.net/10192/36633, 0 
https://hdl.handle.net/10192/35789, 0 
https://hdl.handle.net/10192/35779, 0 
https://hdl.handle.net/10192/35782, 0 
https://hdl.handle.net/10192/35775, 0 
https://hdl.handle.net/10192/35780, 0 
https://hdl.handle.net/10192/36440, 0 
https://hdl.handle.net/10192/35787, 0 
https://hdl.handle.net/10192/35793, 0 
https://hdl.handle.net/10192/35788, 0 
https://hdl.handle.net/10192/35778, 0 
https://hdl.handle.net/10192/35832, 0 
https://hdl.handle.net/10192/35852, 0 
https://hdl.handle.net/10192/35992, 0 
https://hdl.handle.net/10192/35781, 0 
https://hdl.handle.net/10192/35795, 0 
https://hdl.handle.net/10192/35794, 0 
https://hdl.handle.net/10192/36632, 0 
https://hdl.handle.net/10192/35776, 0 
https://hdl.handle.net/10192/35796, 0 
https://hdl.handle.net/10192/35784, 0 
https://hdl.handle.net/10192/35783, 0 
https://hdl.handle.net/10192/36932, 0 
https://hdl.handle.net/10192/37452, 0 
https://hdl.handle.net/10192/36659, 0 
https://hdl.handle.net/10192/37438, 0 
https://hdl.handle.net/10192/36654, 0 
https://hdl.handle.net/10192/37417, 0 
https://hdl.handle.net/10192/37440, 0 
https://hdl.handle.net/10192/37441, 0 
https://hdl.handle.net/10192/37442, 0 
https://hdl.handle.net/10192/37443, 0 
https://hdl.handle.net/10192/36793, 0 
https://hdl.handle.net/10192/37433, 0 
https://hdl.handle.net/10192/36795, 0 
https://hdl.handle.net/10192/36872, 0 
https://hdl.handle.net/10192/37414, 0 
https://hdl.handle.net/10192/37531, 0 
https://hdl.handle.net/10192/38933, 0 
https://hdl.handle.net/10192/36664, 0 
https://hdl.handle.net/10192/36658, 0 
https://hdl.handle.net/10192/36672, 0 
https://hdl.handle.net/10192/36656, 0 
https://hdl.handle.net/10192/36972, 0 
https://hdl.handle.net/10192/36388, 0 
https://hdl.handle.net/10192/37413, 0 
https://hdl.handle.net/10192/37439, 0 
https://hdl.handle.net/10192/36692, 0 
https://hdl.handle.net/10192/36914, 0 
https://hdl.handle.net/10192/36933, 0 
https://hdl.handle.net/10192/36915, 0 
https://hdl.handle.net/10192/37434, 0 
https://hdl.handle.net/10192/37415, 0 
https://hdl.handle.net/10192/37416, 0 
https://hdl.handle.net/10192/36660, 0 
https://hdl.handle.net/10192/36794, 0 
https://hdl.handle.net/10192/36657, 0 
https://hdl.handle.net/10192/37214, 0 
https://hdl.handle.net/10192/36662, 0 
https://hdl.handle.net/10192/37213, 0 
https://hdl.handle.net/10192/37435, 0 
https://hdl.handle.net/10192/37437, 0 
https://hdl.handle.net/10192/37412, 0 
https://hdl.handle.net/10192/37673, 0 
https://hdl.handle.net/10192/36797, 0 
https://hdl.handle.net/10192/37212, 0 
https://hdl.handle.net/10192/36653, 0 
https://hdl.handle.net/10192/36792, 0 
https://hdl.handle.net/10192/36712, 0 
https://hdl.handle.net/10192/36796, 0 
https://hdl.handle.net/10192/37217, 0 
https://hdl.handle.net/10192/37444, 0 
https://hdl.handle.net/10192/37432, 0 
https://hdl.handle.net/10192/37530, 0 
https://hdl.handle.net/10192/36652, 0 
https://hdl.handle.net/10192/36934, 0 
https://hdl.handle.net/10192/36655, 0 
https://hdl.handle.net/10192/36661, 0 
https://hdl.handle.net/10192/36663, 0 
https://hdl.handle.net/10192/37436, 0 
https://hdl.handle.net/10192/37533, 0 
https://hdl.handle.net/10192/37534, 0 
https://hdl.handle.net/10192/35920, 0 
https://hdl.handle.net/10192/35924, 0 
https://hdl.handle.net/10192/37672, 0 
https://hdl.handle.net/10192/37373, 0 
https://hdl.handle.net/10192/37372, 0 
https://hdl.handle.net/10192/37215, 0 
https://hdl.handle.net/10192/37216, 0 
https://hdl.handle.net/10192/36572, 0 
https://hdl.handle.net/10192/37518, 0 
https://hdl.handle.net/10192/35923, 0 
https://hdl.handle.net/10192/35925, 0 
https://hdl.handle.net/10192/35915, 0 
https://hdl.handle.net/10192/35919, 0 
https://hdl.handle.net/10192/35922, 0 
https://hdl.handle.net/10192/35917, 0 
https://hdl.handle.net/10192/35914, 0 
https://hdl.handle.net/10192/35913, 0 
https://hdl.handle.net/10192/36434, 0 
https://hdl.handle.net/10192/36555, 0 
https://hdl.handle.net/10192/36560, 0 
https://hdl.handle.net/10192/36556, 0 
https://hdl.handle.net/10192/35921, 0 
https://hdl.handle.net/10192/36751, 0 
https://hdl.handle.net/10192/35916, 0 
https://hdl.handle.net/10192/35912, 0 
https://hdl.handle.net/10192/35918, 0 
https://hdl.handle.net/10192/36553, 0 
https://hdl.handle.net/10192/36749, 0 
https://hdl.handle.net/10192/36557, 0 
https://hdl.handle.net/10192/37501, 0 
https://hdl.handle.net/10192/36559, 0 
https://hdl.handle.net/10192/37511, 0 
https://hdl.handle.net/10192/37504, 0 
https://hdl.handle.net/10192/37505, 0 
https://hdl.handle.net/10192/37506, 0 
https://hdl.handle.net/10192/37521, 0 
https://hdl.handle.net/10192/36734, 0 
https://hdl.handle.net/10192/37523, 0 
https://hdl.handle.net/10192/37536, 0 
https://hdl.handle.net/10192/36973, 0 
https://hdl.handle.net/10192/36735, 0 
https://hdl.handle.net/10192/36740, 0 
https://hdl.handle.net/10192/36742, 0 
https://hdl.handle.net/10192/36785, 0 
https://hdl.handle.net/10192/37492, 0 
https://hdl.handle.net/10192/36741, 0 
https://hdl.handle.net/10192/37494, 0 
https://hdl.handle.net/10192/36737, 0 
https://hdl.handle.net/10192/37495, 0 
https://hdl.handle.net/10192/37524, 0 
https://hdl.handle.net/10192/37497, 0 
https://hdl.handle.net/10192/36757, 0 
https://hdl.handle.net/10192/36693, 0 
https://hdl.handle.net/10192/36744, 0 
https://hdl.handle.net/10192/36752, 0 
https://hdl.handle.net/10192/36753, 0 
https://hdl.handle.net/10192/36773, 0 
https://hdl.handle.net/10192/36745, 0 
https://hdl.handle.net/10192/36781, 0 
https://hdl.handle.net/10192/36756, 0 
https://hdl.handle.net/10192/37500, 0 
https://hdl.handle.net/10192/37502, 0 
https://hdl.handle.net/10192/37172, 0 
https://hdl.handle.net/10192/37493, 0 
https://hdl.handle.net/10192/37519, 0 
https://hdl.handle.net/10192/37513, 0 
https://hdl.handle.net/10192/37520, 0 
https://hdl.handle.net/10192/37522, 0 
https://hdl.handle.net/10192/37526, 0 
https://hdl.handle.net/10192/37528, 0 
https://hdl.handle.net/10192/36760, 0 
https://hdl.handle.net/10192/36748, 0 
https://hdl.handle.net/10192/36759, 0 
https://hdl.handle.net/10192/36784, 0 
https://hdl.handle.net/10192/37532, 0 
https://hdl.handle.net/10192/37517, 0 
https://hdl.handle.net/10192/36558, 0 
https://hdl.handle.net/10192/36770, 0 
https://hdl.handle.net/10192/36775, 0 
https://hdl.handle.net/10192/36779, 0 
https://hdl.handle.net/10192/36778, 0 
https://hdl.handle.net/10192/36769, 0 
https://hdl.handle.net/10192/36790, 0 
https://hdl.handle.net/10192/36755, 0 
https://hdl.handle.net/10192/36789, 0 
https://hdl.handle.net/10192/37527, 0 
https://hdl.handle.net/10192/37499, 0 
https://hdl.handle.net/10192/36774, 0 
https://hdl.handle.net/10192/37525, 0 
https://hdl.handle.net/10192/36788, 0 
https://hdl.handle.net/10192/36763, 0 
https://hdl.handle.net/10192/36787, 0 
https://hdl.handle.net/10192/37012, 0 
https://hdl.handle.net/10192/37220, 0 
https://hdl.handle.net/10192/37512, 0 
https://hdl.handle.net/10192/37515, 0 
https://hdl.handle.net/10192/37218, 0 
https://hdl.handle.net/10192/37507, 0 
https://hdl.handle.net/10192/37514, 0 
https://hdl.handle.net/10192/37529, 0 
https://hdl.handle.net/10192/36736, 0 
https://hdl.handle.net/10192/36764, 0 
https://hdl.handle.net/10192/36743, 0 
https://hdl.handle.net/10192/36746, 0 
https://hdl.handle.net/10192/36765, 0 
https://hdl.handle.net/10192/36754, 0 
https://hdl.handle.net/10192/36747, 0 
https://hdl.handle.net/10192/36762, 0 
https://hdl.handle.net/10192/37014, 0 
https://hdl.handle.net/10192/37510, 0 
https://hdl.handle.net/10192/36554, 0 
https://hdl.handle.net/10192/36758, 0 
https://hdl.handle.net/10192/36777, 0 
https://hdl.handle.net/10192/36776, 0 
https://hdl.handle.net/10192/36786, 0 
https://hdl.handle.net/10192/36791, 0 
https://hdl.handle.net/10192/36783, 0 
https://hdl.handle.net/10192/37219, 0 
https://hdl.handle.net/10192/36768, 0 
https://hdl.handle.net/10192/36912, 0 
https://hdl.handle.net/10192/36772, 0 
https://hdl.handle.net/10192/37013, 0 
https://hdl.handle.net/10192/36761, 0 
https://hdl.handle.net/10192/36766, 0 
https://hdl.handle.net/10192/36771, 0 
https://hdl.handle.net/10192/36767, 0 
https://hdl.handle.net/10192/36782, 0 
https://hdl.handle.net/10192/36913, 0 
https://hdl.handle.net/10192/36780, 0 
https://hdl.handle.net/10192/36532, 0 
https://hdl.handle.net/10192/37496, 0 
https://hdl.handle.net/10192/37509, 0 
https://hdl.handle.net/10192/37503, 0 
https://hdl.handle.net/10192/37508, 0 
https://hdl.handle.net/10192/37516, 0 
https://hdl.handle.net/10192/37535, 0 
https://hdl.handle.net/10192/36750, 0 
https://hdl.handle.net/10192/37498, 0 
https://hdl.handle.net/10192/36738, 0 
